days_since_update,n
0,2
1,1
13,1
21,2
23,1
26,3
27,2
29,2
33,8
37,1
41,5
44,1
49,1
56,1
57,1
58,28
59,104
60,3
61,81
62,39
63,50
64,4
65,18
66,1
68,12
69,12
70,83
71,14
72,10
75,16
76,16
77,8
78,11
79,3
81,1
82,4
83,2
84,7
85,13
86,2
87,7
89,4
90,2
91,3
92,1
93,1
96,2
97,6
98,1
99,1
100,7
101,2
103,10
104,20
105,8
106,6
107,1
113,1
114,1
116,1
117,6
118,3
119,4
125,2
127,5
128,1
131,15
132,4
133,2
134,1
135,1
138,2
139,2
140,3
141,2
142,1
143,2
146,2
147,1
148,1
149,2
152,2
153,1
155,6
156,1
159,1
160,1
161,5
162,4
166,1
167,1
168,1
169,4
173,1
174,2
175,3
176,10
180,1
182,3
183,2
184,3
187,13
188,9
189,3
191,3
194,1
196,1
197,8
198,1
201,1
202,1
203,10
204,2
208,1
210,24
211,31
212,7
215,7
216,3
217,1
218,6
220,1
231,4
232,2
233,1
236,1
237,2
239,2
240,1
244,2
245,2
250,1
252,24
253,20
254,2
257,1
258,7
259,3
260,8
264,1
266,2
267,29
272,5
273,1
274,6
275,1
282,1
286,4
287,4
289,2
294,2
299,1
303,3
309,5
310,10
313,1
314,2
315,2
317,9
321,6
322,1
323,1
327,1
328,2
330,1
331,1
336,1
343,1
344,3
345,2
350,9
352,2
355,6
356,2
357,2
358,2
363,3
364,1
366,8
369,2
370,9
372,1
376,2
377,8
379,3
385,5
386,2
387,2
390,7
391,4
392,1
393,5
398,1
401,1
405,2
406,3
407,2
414,2
432,1
433,1
435,2
436,1
441,1
443,1
453,5
456,2
463,3
474,182
475,1
477,1
482,1
483,5
484,2
490,1
497,1
504,1
512,5
520,1
526,2
533,2
540,1
544,1
545,1
558,4
559,3
561,1
562,1
565,2
573,3
579,1
580,2
583,1
588,2
593,1
594,3
597,2
601,2
607,1
609,4
610,17
611,1200
615,2
617,2
625,4
637,6
642,4
643,6
644,1
645,1
649,2
657,3
659,2
660,3
663,3
665,5
666,1
671,1
673,2
674,2
677,2
678,1
679,2
681,3
684,1
685,1
686,1
691,2
701,1
705,5
707,2
708,2
709,1
713,1
714,1
719,1
721,1
733,1
734,1
735,1
741,1
743,1
745,1
749,1
754,1
762,1
763,2
765,9
768,1
770,3
775,1
777,1
778,5
783,6
784,4
785,2
791,1
793,1
796,3
798,1
800,1
803,3
810,1
813,1
814,2
840,1
845,9
846,15
870,1
882,1
883,1
884,2
887,1
894,1
902,1
903,2
904,5
911,1
912,1
918,1
924,18
925,6
929,4
930,2
932,1
936,6
937,1
938,2
939,1
943,3
947,1
950,1
958,1
963,2
964,6
967,1
972,4
974,2
980,4
985,1
986,1
995,1
1006,4
1014,1
1020,2
1023,1
1034,2
1035,4
1036,2
1037,1
1048,2
1050,1
1057,1
1059,1
1063,1
1069,1
1073,6
1076,4
1085,6
1086,1
1091,3
1094,1
1099,1
1104,6
1105,13
1107,1
1108,1
1114,11
1115,2
1120,8
1124,1
1126,3
1127,4
1128,2
1129,6
1134,1
1135,2
1148,2
1150,11
1154,1
1156,3
1157,1
1160,5
1167,7
1168,2
1172,1
1174,2
1175,3
1188,1
1195,2
1212,4
1213,5
1218,1
1234,1
1252,1
1253,1
1268,2
1285,1
1310,1
1315,1
1316,1
1331,1
1335,1
1338,1
1339,1
1355,2
1358,1
1380,1
1394,1
1395,2
1401,1
1407,2
1408,2
1414,2
1430,1
1432,68
1437,1
1441,1
1462,3
1486,1
1493,1
1500,1
1510,6
1518,1
1519,1
1525,1
1538,1
1545,1
1612,1
1615,2
1639,1
1652,12
1653,1
1659,1
1672,1
1674,2
1701,1
1703,2
1707,5
1710,4
1713,9
1714,2
1717,5
1720,5
1721,12
1722,3
1723,1
1729,2
1758,1
1763,1
1769,2
1770,4
1793,6
1794,29
1827,1
1828,2
1848,1
1856,1
1883,1
1890,2
1897,3
1905,1
1911,1
1917,1
1918,1
1930,1
1939,6
1941,2
1946,3
1947,18
1948,140
